,site,sim,szn,terr,data_avail,RMSE,MAE,R2,NSE,BIAS
0,KDI-R2,era5,ALL,Rock,100.0,5.205935478210449,4.158961296081543,0.883344971682069,0.8833449706435204,-3.651132106781006
1,KDI-R2,era5,DJF,Rock,100.0,6.565544128417969,5.508569240570068,-0.4898457168823591,-0.489845871925354,-5.168475151062012
2,KDI-R2,era5,MAM,Rock,100.0,3.9833109378814697,3.0796873569488525,0.7754192499859492,0.7754192352294922,-2.1424317359924316
3,KDI-R2,era5,JJA,Rock,100.0,5.877420425415039,5.040292263031006,-0.31718166751595644,-0.3171815872192383,-4.816662788391113
4,KDI-R2,era5,SON,Rock,100.0,3.793246030807495,2.9406938552856445,0.8270930986503505,0.827093094587326,-2.387566089630127
5,KDI-R2,jra5,ALL,Rock,100.0,6.214916706085205,4.927896499633789,0.833744300745395,0.8337443023920059,-4.258364200592041
6,KDI-R2,jra5,DJF,Rock,100.0,9.31468677520752,8.449024200439453,-1.998723517969113,-1.9987235069274902,-8.405828475952148
7,KDI-R2,jra5,MAM,Rock,100.0,3.583092212677002,2.828608751296997,0.8182810964788516,0.8182810842990875,-0.8981874585151672
8,KDI-R2,jra5,JJA,Rock,100.0,4.926375389099121,4.156696796417236,0.07460496572271413,0.07460498809814453,-3.711548089981079
9,KDI-R2,jra5,SON,Rock,100.0,5.724422454833984,4.407736778259277,0.6062200169449303,0.606220006942749,-4.144571304321289
10,KDI-R2,merr,ALL,Rock,100.0,6.803506374359131,5.251827239990234,0.8007623067579591,0.8007623106241226,-3.301844835281372
11,KDI-R2,merr,DJF,Rock,100.0,4.710416316986084,3.779446601867676,0.23313584993305048,0.23313581943511963,-0.21231256425380707
12,KDI-R2,merr,MAM,Rock,100.0,3.7650294303894043,2.963172674179077,0.7993584439855915,0.7993584275245667,-0.7174286246299744
13,KDI-R2,merr,JJA,Rock,100.0,10.970130920410156,10.114373207092285,-3.588764613027867,-3.5887646675109863,-10.098407745361328
14,KDI-R2,merr,SON,Rock,100.0,4.590220928192139,3.6690633296966553,0.7468036653791199,0.7468036413192749,-1.4913041591644287
15,KDI-E-Ttop,era5,ALL,NoSnow,100.0,9.737980842590332,7.055113792419434,-0.24979414338487005,-0.2497941255569458,-5.278989791870117
16,KDI-E-Ttop,era5,DJF,NoSnow,100.0,16.397705078125,15.601133346557617,-16.997340170744074,-16.99734115600586,-15.601142883300781
17,KDI-E-Ttop,era5,MAM,NoSnow,100.0,6.032957077026367,4.398837089538574,-0.5570035086333853,-0.557003378868103,-2.974569797515869
18,KDI-E-Ttop,era5,JJA,NoSnow,100.0,3.243112802505493,2.6196563243865967,0.014784400796786556,0.014784276485443115,2.4607367515563965
19,KDI-E-Ttop,era5,SON,NoSnow,100.0,8.678634643554688,6.212233543395996,-4.1950386669381645,-4.195038318634033,-6.004419803619385
20,KDI-E-Ttop,jra5,ALL,NoSnow,100.0,11.655403137207031,8.678014755249023,-0.7904215824543761,-0.7904214859008789,-5.896843910217285
21,KDI-E-Ttop,jra5,DJF,NoSnow,100.0,19.471355438232422,18.83217430114746,-24.37666582563618,-24.376667022705078,-18.832172393798828
22,KDI-E-Ttop,jra5,MAM,NoSnow,100.0,6.207664966583252,4.8867340087890625,-0.6484879161611159,-0.6484878063201904,-1.7466723918914795
23,KDI-E-Ttop,jra5,JJA,NoSnow,100.0,4.2273173332214355,3.664598226547241,-0.6739287396324694,-0.6739287376403809,3.562687873840332
24,KDI-E-Ttop,jra5,SON,NoSnow,100.0,11.15983772277832,8.032370567321777,-7.590169307916792,-7.5901689529418945,-7.814920425415039
25,KDI-E-Ttop,merr,ALL,NoSnow,100.0,6.7788214683532715,5.390735149383545,0.3943675970406524,0.3943675756454468,-5.034921646118164
26,KDI-E-Ttop,merr,DJF,NoSnow,100.0,11.200605392456055,10.677847862243652,-7.397020206226506,-7.39702033996582,-10.677849769592285
27,KDI-E-Ttop,merr,MAM,NoSnow,100.0,3.7687020301818848,2.906951904296875,0.3924069817110901,0.39240700006484985,-1.6443946361541748
28,KDI-E-Ttop,merr,JJA,NoSnow,100.0,3.597679615020752,3.101578712463379,-0.2124174204985365,-0.21241748332977295,-2.9354751110076904
29,KDI-E-Ttop,merr,SON,NoSnow,100.0,6.001880168914795,5.211564540863037,-1.4846230476519948,-1.4846231937408447,-5.207993507385254
30,KDI-E-Tbot,era5,ALL,Snow,100.0,11.78847885131836,8.646062850952148,-1.753707998285595,-1.7537081241607666,-7.457588195800781
31,KDI-E-Tbot,era5,DJF,Snow,100.0,19.645723342895508,18.941974639892578,-85.05447930788037,-85.05448150634766,-18.941970825195312
32,KDI-E-Tbot,era5,MAM,Snow,100.0,9.725226402282715,7.5185866355896,-9.97878498570366,-9.978785514831543,-7.208367347717285
33,KDI-E-Tbot,era5,JJA,Snow,100.0,2.8205015659332275,2.2102696895599365,0.4311242124959366,0.431124210357666,1.8403937816619873
34,KDI-E-Tbot,era5,SON,Snow,100.0,9.1816987991333,6.7178955078125,-5.014773152046529,-5.014772891998291,-6.639535903930664
35,KDI-E-Tbot,jra5,ALL,Snow,100.0,13.547996520996094,10.071456909179688,-2.6370772555156954,-2.6370770931243896,-8.079100608825684
36,KDI-E-Tbot,jra5,DJF,Snow,100.0,22.725988388061523,22.1708927154541,-114.1550458362874,-114.15504455566406,-22.170900344848633
37,KDI-E-Tbot,jra5,MAM,Snow,100.0,9.488576889038086,7.3135881423950195,-9.4509803876806,-9.450980186462402,-5.981330394744873
38,KDI-E-Tbot,jra5,JJA,Snow,100.0,3.7453935146331787,3.143134117126465,-0.0031355711299236866,-0.00313568115234375,2.9394822120666504
39,KDI-E-Tbot,jra5,SON,Snow,100.0,11.664532661437988,8.54959774017334,-8.707509978439296,-8.707509994506836,-8.453710556030273
40,KDI-E-Tbot,merr,ALL,Snow,100.0,8.829137802124023,7.311173915863037,-0.5446816513966597,-0.5446816682815552,-7.210884094238281
41,KDI-E-Tbot,merr,DJF,Snow,100.0,14.289915084838867,14.022736549377441,-44.52990260093221,-44.52989959716797,-14.022747993469238
42,KDI-E-Tbot,merr,MAM,Snow,100.0,7.332348346710205,6.05751371383667,-5.240810245470849,-5.240810871124268,-5.88976526260376
43,KDI-E-Tbot,merr,JJA,Snow,100.0,4.2826128005981445,3.7686009407043457,-0.3115425158321403,-0.3115425109863281,-3.5498061180114746
44,KDI-E-Tbot,merr,SON,Snow,100.0,6.585296630859375,5.8542280197143555,-2.0940254416006603,-2.0940253734588623,-5.854227066040039
45,KDI-R3,era5,ALL,Rock,100.0,7.1788010597229,5.844267845153809,0.704129196826629,0.7041292190551758,-5.6294264793396
46,KDI-R3,era5,DJF,Rock,100.0,10.559911727905273,9.766554832458496,-6.134405673592118,-6.134406089782715,-9.765447616577148
47,KDI-R3,era5,MAM,Rock,100.0,5.714227199554443,4.487443923950195,0.2014710488228022,0.20147103071212769,-4.18507719039917
48,KDI-R3,era5,JJA,Rock,100.0,5.783199787139893,4.836704254150391,-0.025603580003335402,-0.025603532791137695,-4.39504337310791
49,KDI-R3,era5,SON,Rock,100.0,5.5742106437683105,4.436018943786621,0.47696227612817665,0.47696226835250854,-4.34755277633667
50,KDI-R3,jra5,ALL,Rock,100.0,8.536991119384766,6.738672256469727,0.5815843790936543,0.5815843939781189,-6.233354568481445
51,KDI-R3,jra5,DJF,Rock,100.0,13.576762199401855,12.999022483825684,-10.793146068054517,-10.793147087097168,-12.999019622802734
52,KDI-R3,jra5,MAM,Rock,100.0,5.265655994415283,4.001114368438721,0.32192057776259964,0.32192057371139526,-2.937234401702881
53,KDI-R3,jra5,JJA,Rock,100.0,4.934539318084717,4.129886150360107,0.2533168087085982,0.25331687927246094,-3.2893779277801514
54,KDI-R3,jra5,SON,Rock,100.0,7.8398542404174805,6.171520709991455,-0.034623358981612506,-0.03462338447570801,-6.099038124084473
55,KDI-R3,merr,ALL,Rock,100.0,6.909821510314941,5.552480697631836,0.7258855150657233,0.7258855402469635,-5.290407657623291
56,KDI-R3,merr,DJF,Rock,100.0,5.858426094055176,5.1155853271484375,-1.1958322651805924,-1.1958322525024414,-4.815858840942383
57,KDI-R3,merr,MAM,Rock,100.0,3.8090860843658447,3.0544071197509766,0.6451725677216997,0.6451725661754608,-2.7720956802368164
58,KDI-R3,merr,JJA,Rock,100.0,10.632684707641602,9.71351432800293,-2.4668015908970506,-2.466801404953003,-9.691527366638184
59,KDI-R3,merr,SON,Rock,100.0,4.765961170196533,3.92730450630188,0.6176445431506377,0.6176445186138153,-3.4585347175598145
60,KDI-W-Wet1,era5,ALL,Organic,100.0,11.81197452545166,8.529084205627441,-1.334205676649817,-1.3342061042785645,-6.8299078941345215
61,KDI-W-Wet1,era5,DJF,Organic,100.0,20.06679916381836,19.28910255432129,-23.596350354863116,-23.596349716186523,-19.289104461669922
62,KDI-W-Wet1,era5,MAM,Organic,100.0,7.6487507820129395,5.721317291259766,-2.9282414386734197,-2.928241014480591,-4.129654884338379
63,KDI-W-Wet1,era5,JJA,Organic,100.0,3.109056234359741,2.4962096214294434,0.31908209317593195,0.3190821409225464,2.259279251098633
64,KDI-W-Wet1,era5,SON,Organic,100.0,10.13855266571045,7.309327602386475,-9.841635376560276,-9.841635704040527,-7.166459083557129
65,KDI-W-Wet1,jra5,ALL,Organic,100.0,13.728671073913574,10.13542366027832,-2.1531973130798865,-2.1531975269317627,-7.432290077209473
66,KDI-W-Wet1,jra5,DJF,Organic,100.0,23.205604553222656,22.517641067504883,-31.892754260922253,-31.892757415771484,-22.517641067504883
67,KDI-W-Wet1,jra5,MAM,Organic,100.0,7.851855278015137,6.202597618103027,-3.1396317284469033,-3.139631748199463,-2.8806869983673096
68,KDI-W-Wet1,jra5,JJA,Organic,100.0,4.098466396331787,3.5078301429748535,-0.18326043425736782,-0.18326044082641602,3.3736844062805176
69,KDI-W-Wet1,jra5,SON,Organic,100.0,12.559561729431152,9.096166610717773,-15.63764277418683,-15.637645721435547,-8.917926788330078
70,KDI-W-Wet1,merr,ALL,Organic,100.0,8.878623008728027,6.9838151931762695,-0.3188195173028474,-0.31881964206695557,-6.498137950897217
71,KDI-W-Wet1,merr,DJF,Organic,100.0,14.97170352935791,14.346317291259766,-12.691685336050835,-12.691685676574707,-14.346311569213867
72,KDI-W-Wet1,merr,MAM,Organic,100.0,5.5258378982543945,4.237276077270508,-1.0502810974827925,-1.050281047821045,-2.734161376953125
73,KDI-W-Wet1,merr,JJA,Organic,100.0,3.9650044441223145,3.486818790435791,-0.10745215186680857,-0.10745203495025635,-3.057020902633667
74,KDI-W-Wet1,merr,SON,Organic,100.0,7.260047435760498,6.291962146759033,-4.559321030510543,-4.559321880340576,-6.291959762573242
75,KDI-E-ShrubT,era5,ALL,Snow,100.0,14.092710494995117,10.653785705566406,-6.723333847963858,-6.723333358764648,-8.48193073272705
76,KDI-E-ShrubT,era5,DJF,Snow,100.0,22.789663314819336,22.019245147705078,-72.24203313624982,-72.24202728271484,-22.019237518310547
77,KDI-E-ShrubT,era5,MAM,Snow,100.0,13.057831764221191,10.448840141296387,-96.41783809647922,-96.41783142089844,-10.111285209655762
78,KDI-E-ShrubT,era5,JJA,Snow,100.0,4.507861137390137,3.7324767112731934,-0.4655987901513414,-0.4655987024307251,3.724576234817505
79,KDI-E-ShrubT,era5,SON,Snow,100.0,10.356413841247559,7.290104866027832,-17.07269373451349,-17.072694778442383,-6.9903483390808105
80,KDI-E-ShrubT,jra5,ALL,Snow,100.0,15.795886039733887,12.072898864746094,-8.702947555436241,-8.702947616577148,-9.102712631225586
81,KDI-E-ShrubT,jra5,DJF,Snow,100.0,25.88844108581543,25.255937576293945,-93.51404428725584,-93.5140380859375,-25.255935668945312
82,KDI-E-ShrubT,jra5,MAM,Snow,100.0,12.710745811462402,10.027518272399902,-91.3078152188557,-91.30780792236328,-8.884878158569336
83,KDI-E-ShrubT,jra5,JJA,Snow,100.0,5.540172100067139,4.850587368011475,-1.2137091415713397,-1.2137091159820557,4.827313423156738
84,KDI-E-ShrubT,jra5,SON,Snow,100.0,12.831708908081055,9.102187156677246,-26.744260968622513,-26.744258880615234,-8.801926612854004
85,KDI-E-ShrubT,merr,ALL,Snow,100.0,10.76181411743164,8.45697021484375,-3.5038792660966394,-3.5038790702819824,-8.215986251831055
86,KDI-E-ShrubT,merr,DJF,Snow,100.0,17.384445190429688,17.08934783935547,-41.61928564587587,-41.61928939819336,-17.08934211730957
87,KDI-E-ShrubT,merr,MAM,Snow,100.0,10.561200141906738,8.897231101989746,-62.726918508920555,-62.72691345214844,-8.763808250427246
88,KDI-E-ShrubT,merr,JJA,Snow,100.0,2.8290064334869385,2.408613681793213,0.4227793000542003,0.4227793216705322,-1.6388165950775146
89,KDI-E-ShrubT,merr,SON,Snow,100.0,7.431864261627197,6.180268287658691,-8.306786081754291,-8.306785583496094,-6.179920673370361
90,KDI-W-Snowdrift,era5,ALL,Snow,100.0,14.290740966796875,10.643506050109863,-7.167225385238698,-7.167226791381836,-8.677093505859375
91,KDI-W-Snowdrift,era5,DJF,Snow,100.0,23.52924156188965,22.72357940673828,-115.02748614357296,-115.02748107910156,-22.723583221435547
92,KDI-W-Snowdrift,era5,MAM,Snow,100.0,12.81796932220459,10.144647598266602,-60.26754150834226,-60.26754379272461,-9.848184585571289
93,KDI-W-Snowdrift,era5,JJA,Snow,100.0,4.05362606048584,3.4015018939971924,-0.3778276899370481,-0.37782764434814453,3.3821637630462646
94,KDI-W-Snowdrift,era5,SON,Snow,100.0,10.369693756103516,7.244956016540527,-15.11817137788858,-15.118171691894531,-7.013129711151123
95,KDI-W-Snowdrift,jra5,ALL,Snow,100.0,15.983322143554688,12.044206619262695,-9.216429938003717,-9.216431617736816,-9.276619911193848
96,KDI-W-Snowdrift,jra5,DJF,Snow,100.0,26.60669708251953,25.95844268798828,-147.3634649481545,-147.36346435546875,-25.958438873291016
97,KDI-W-Snowdrift,jra5,MAM,Snow,100.0,12.467696189880371,9.690393447875977,-56.964810674943024,-56.96480941772461,-8.601532936096191
98,KDI-W-Snowdrift,jra5,JJA,Snow,100.0,5.083240985870361,4.508704662322998,-1.1666510939709345,-1.1666510105133057,4.486109733581543
99,KDI-W-Snowdrift,jra5,SON,Snow,100.0,12.805890083312988,9.029315948486328,-23.58122003919614,-23.581218719482422,-8.76555061340332
100,KDI-W-Snowdrift,merr,ALL,Snow,100.0,10.933349609375,8.497576713562012,-3.780480190536103,-3.7804808616638184,-8.347508430480957
101,KDI-W-Snowdrift,merr,DJF,Snow,100.0,18.036157608032227,17.770179748535156,-67.1762512019111,-67.17625427246094,-17.77018928527832
102,KDI-W-Snowdrift,merr,MAM,Snow,100.0,10.250371932983398,8.528249740600586,-38.18061290324772,-38.18061447143555,-8.427969932556152
103,KDI-W-Snowdrift,merr,JJA,Snow,100.0,2.7648961544036865,2.346435070037842,0.3589894125534846,0.358989417552948,-1.8943982124328613
104,KDI-W-Snowdrift,merr,SON,Snow,100.0,7.40947961807251,6.131275177001953,-7.229232723221129,-7.229231834411621,-6.118825435638428
105,KDI-W-Wet2,era5,ALL,Organic,100.0,12.782390594482422,9.458786964416504,-2.596872386184654,-2.596872329711914,-6.917264461517334
106,KDI-W-Wet2,era5,DJF,Organic,100.0,21.784460067749023,21.029191970825195,-43.69360477514843,-43.693603515625,-21.029191970825195
107,KDI-W-Wet2,era5,MAM,Organic,100.0,8.027456283569336,6.09528112411499,-6.407368794118846,-6.407369613647461,-4.176606178283691
108,KDI-W-Wet2,era5,JJA,Organic,100.0,4.520371913909912,3.8118057250976562,-0.43826209536815175,-0.43826210498809814,3.7581429481506348
109,KDI-W-Wet2,era5,SON,Organic,100.0,10.61590576171875,7.620711326599121,-15.656982987661426,-15.656982421875,-7.4822998046875
110,KDI-W-Wet2,jra5,ALL,Organic,100.0,14.713753700256348,11.10122013092041,-3.7659318215771327,-3.7659316062927246,-7.517064094543457
111,KDI-W-Wet2,jra5,DJF,Organic,100.0,24.92149543762207,24.26203727722168,-57.49247533431016,-57.49247360229492,-24.26205062866211
112,KDI-W-Wet2,jra5,MAM,Organic,100.0,8.223719596862793,6.6434407234191895,-6.774002608024431,-6.774003028869629,-2.9279794692993164
113,KDI-W-Wet2,jra5,JJA,Organic,100.0,5.581828594207764,4.907229900360107,-1.1930201702254815,-1.1930203437805176,4.870817184448242
114,KDI-W-Wet2,jra5,SON,Organic,100.0,13.054872512817383,9.396247863769531,-24.189962001267528,-24.189960479736328,-9.230725288391113
115,KDI-W-Wet2,merr,ALL,Organic,100.0,9.455093383789062,7.206621170043945,-0.9680336571350461,-0.9680335521697998,-6.578106880187988
116,KDI-W-Wet2,merr,DJF,Organic,100.0,16.44725799560547,16.077547073364258,-24.476443917420042,-24.476442337036133,-16.077552795410156
117,KDI-W-Wet2,merr,MAM,Organic,100.0,5.522871971130371,4.308554172515869,-2.5062108588417655,-2.506211042404175,-2.7593226432800293
118,KDI-W-Wet2,merr,JJA,Organic,100.0,2.8318042755126953,2.450957775115967,0.43556217417794096,0.4355620741844177,-1.5336897373199463
119,KDI-W-Wet2,merr,SON,Organic,100.0,7.693974494934082,6.590853691101074,-7.7495092051930765,-7.749509811401367,-6.588733673095703
120,KDI-R1,era5,ALL,Rock,100.0,7.292115211486816,5.909109592437744,0.6752485453721243,0.6752485036849976,-5.725841522216797
121,KDI-R1,era5,DJF,Rock,100.0,11.075819969177246,10.358306884765625,-7.37971290714656,-7.37971305847168,-10.358302116394043
122,KDI-R1,era5,MAM,Rock,100.0,5.497651100158691,4.345310211181641,0.32228374743437893,0.3222837448120117,-4.0410590171813965
123,KDI-R1,era5,JJA,Rock,100.0,5.132688045501709,4.367213249206543,-0.01243846991724551,-0.012438535690307617,-4.077840805053711
124,KDI-R1,era5,SON,Rock,100.0,6.083550930023193,4.776192665100098,0.21262810061686976,0.21262812614440918,-4.650351524353027
125,KDI-R1,jra5,ALL,Rock,100.0,8.755935668945312,6.7775092124938965,0.5317808022431382,0.5317808091640472,-6.331786155700684
126,KDI-R1,jra5,DJF,Rock,100.0,14.129578590393066,13.594215393066406,-12.637531381192135,-12.637533187866211,-13.594212532043457
127,KDI-R1,jra5,MAM,Rock,100.0,5.065354347229004,3.8555102348327637,0.42467504120045363,0.4246750473976135,-2.7954423427581787
128,KDI-R1,jra5,JJA,Rock,100.0,4.220003604888916,3.5686752796173096,0.3156086024754736,0.31560856103897095,-2.972585678100586
129,KDI-R1,jra5,SON,Rock,100.0,8.43275260925293,6.506100654602051,-0.5128796276546257,-0.5128796100616455,-6.405062198638916
130,KDI-R1,merr,ALL,Rock,100.0,6.82866907119751,5.579010486602783,0.7152155953697599,0.7152155637741089,-5.379971504211426
131,KDI-R1,merr,DJF,Rock,100.0,6.293050765991211,5.5064616203308105,-1.7052029077134998,-1.7052030563354492,-5.404363632202148
132,KDI-R1,merr,MAM,Rock,100.0,3.9007577896118164,3.116481065750122,0.6588137368711244,0.6588137447834015,-2.6200602054595947
133,KDI-R1,merr,JJA,Rock,100.0,10.216498374938965,9.384184837341309,-3.0112807288697514,-3.0112805366516113,-9.364628791809082
134,KDI-R1,merr,SON,Rock,100.0,4.663167953491211,3.948589563369751,0.5373764551685702,0.5373764336109161,-3.756328582763672
135,KDI-E-ShrubM,era5,ALL,Snow,100.0,13.420523643493652,10.040492057800293,-5.1337913781175635,-5.133790969848633,-7.9144287109375
136,KDI-E-ShrubM,era5,DJF,Snow,100.0,22.393186569213867,21.653444290161133,-169.53683407820932,-169.53684997558594,-21.6534423828125
137,KDI-E-ShrubM,era5,MAM,Snow,100.0,11.435564994812012,8.981805801391602,-37.871881398523065,-37.87187957763672,-8.561153411865234
138,KDI-E-ShrubM,era5,JJA,Snow,100.0,4.275467872619629,3.6460344791412354,-0.5639021707654983,-0.5639020204544067,3.5964081287384033
139,KDI-E-ShrubM,era5,SON,Snow,100.0,9.627452850341797,6.760984897613525,-8.209287648822938,-8.209287643432617,-6.537093162536621
140,KDI-E-ShrubM,jra5,ALL,Snow,100.0,15.16720962524414,11.496793746948242,-6.8343229044083875,-6.834322452545166,-8.53197956085205
141,KDI-E-ShrubM,jra5,DJF,Snow,100.0,25.477907180786133,24.883440017700195,-219.75671218240993,-219.7567138671875,-24.883445739746094
142,KDI-E-ShrubM,jra5,MAM,Snow,100.0,11.182141304016113,8.724425315856934,-36.16809137877931,-36.168094635009766,-7.334251880645752
143,KDI-E-ShrubM,jra5,JJA,Snow,100.0,5.335110187530518,4.750132083892822,-1.435168824013068,-1.435168743133545,4.694153308868408
144,KDI-E-ShrubM,jra5,SON,Snow,100.0,12.104724884033203,8.585501670837402,-13.55837791991698,-13.558379173278809,-8.35106086730957
145,KDI-E-ShrubM,merr,ALL,Snow,100.0,10.129467964172363,7.885156154632568,-2.4943257155186687,-2.494325637817383,-7.683565616607666
146,KDI-E-ShrubM,merr,DJF,Snow,100.0,16.959880828857422,16.732791900634766,-96.8209961862149,-96.82099151611328,-16.7327880859375
147,KDI-E-ShrubM,merr,MAM,Snow,100.0,8.996583938598633,7.48356819152832,-23.058890056946616,-23.05889129638672,-7.2387495040893555
148,KDI-E-ShrubM,merr,JJA,Snow,100.0,2.8227384090423584,2.3199477195739746,0.31831525910337855,0.3183152675628662,-1.8043336868286133
149,KDI-E-ShrubM,merr,SON,Snow,100.0,6.861735820770264,5.754365921020508,-3.678118445430796,-3.6781187057495117,-5.748542308807373
150,KDI-E-Wet,era5,ALL,Organic,100.0,13.243938446044922,9.645261764526367,-3.6953981827574616,-3.6953978538513184,-8.298468589782715
151,KDI-E-Wet,era5,DJF,Organic,100.0,21.87337303161621,21.23111915588379,-84.36668033860998,-84.3666763305664,-21.231124877929688
152,KDI-E-Wet,era5,MAM,Organic,100.0,8.17121696472168,6.211868762969971,-9.633555033608747,-9.63355541229248,-5.509235382080078
153,KDI-E-Wet,era5,JJA,Organic,100.0,2.9291157722473145,2.4203696250915527,-0.024972090734166175,-0.024972081184387207,2.2521495819091797
154,KDI-E-Wet,era5,SON,Organic,100.0,10.55366325378418,7.441498279571533,-14.198617800564286,-14.198616981506348,-7.275213718414307
155,KDI-E-Wet,jra5,ALL,Organic,100.0,15.390270233154297,11.434484481811523,-5.340603257822823,-5.340602874755859,-9.255043983459473
156,KDI-E-Wet,jra5,DJF,Organic,100.0,25.295347213745117,24.784605026245117,-113.16635541848332,-113.1663589477539,-24.784616470336914
157,KDI-E-Wet,jra5,MAM,Organic,100.0,8.433613777160645,6.619932174682617,-10.327458416211286,-10.327458381652832,-4.271180629730225
158,KDI-E-Wet,jra5,JJA,Organic,100.0,3.855696201324463,3.394913673400879,-0.7760066221506048,-0.7760065793991089,3.2992677688598633
159,KDI-E-Wet,jra5,SON,Organic,100.0,12.89136791229248,9.227877616882324,-21.67752297219057,-21.677522659301758,-9.029102325439453
160,KDI-E-Wet,merr,ALL,Organic,100.0,10.326913833618164,8.260119438171387,-1.8548231798646015,-1.854823112487793,-8.154170989990234
161,KDI-E-Wet,merr,DJF,Organic,100.0,17.062902450561523,16.789878845214844,-50.94726435718814,-50.947261810302734,-16.789878845214844
162,KDI-E-Wet,merr,MAM,Organic,100.0,7.0651631355285645,5.665318965911865,-6.9496748057072,-6.949674606323242,-5.3508501052856445
163,KDI-E-Wet,merr,JJA,Organic,100.0,3.673520088195801,3.2799928188323975,-0.6121438175518188,-0.6121437549591064,-3.100160598754883
164,KDI-E-Wet,merr,SON,Organic,100.0,7.35412073135376,6.391047477722168,-6.380046817041581,-6.38004732131958,-6.391048431396484
165,KDI-W-Tslp,era5,ALL,NoSnow,100.0,9.646899223327637,7.102999210357666,-0.15659660632781214,-0.15659654140472412,-4.941535472869873
166,KDI-W-Tslp,era5,DJF,NoSnow,100.0,15.965917587280273,15.000184059143066,-17.955869589653226,-17.955869674682617,-15.000182151794434
167,KDI-W-Tslp,era5,MAM,NoSnow,100.0,6.5694708824157715,4.990184783935547,-1.5853011407965654,-1.585301160812378,-2.3199715614318848
168,KDI-W-Tslp,era5,JJA,NoSnow,100.0,3.8225066661834717,2.9105329513549805,0.20741961174506396,0.20741963386535645,2.5019407272338867
169,KDI-W-Tslp,era5,SON,NoSnow,100.0,8.396723747253418,6.083144664764404,-3.0826605820103126,-3.08266019821167,-5.918488025665283
170,KDI-W-Tslp,jra5,ALL,NoSnow,100.0,11.52825927734375,8.730658531188965,-0.6517104864050263,-0.6517103910446167,-5.539674282073975
171,KDI-W-Tslp,jra5,DJF,NoSnow,100.0,18.948488235473633,18.233280181884766,-25.69961989775744,-25.69961929321289,-18.233274459838867
172,KDI-W-Tslp,jra5,MAM,NoSnow,100.0,6.91957426071167,5.7048563957214355,-1.8681976821888036,-1.8681979179382324,-1.071662187576294
173,KDI-W-Tslp,jra5,JJA,NoSnow,100.0,4.73734188079834,3.8037502765655518,-0.21735237761067472,-0.21735239028930664,3.6063334941864014
174,KDI-W-Tslp,jra5,SON,NoSnow,100.0,10.852568626403809,7.860810279846191,-5.820066003310134,-5.820065975189209,-7.669118881225586
175,KDI-W-Tslp,merr,ALL,NoSnow,100.0,6.593497276306152,5.384541034698486,0.45969605980671,0.45969611406326294,-4.61902379989624
176,KDI-W-Tslp,merr,DJF,NoSnow,100.0,10.554078102111816,10.051170349121094,-7.283169828232317,-7.283169746398926,-10.051167488098145
177,KDI-W-Tslp,merr,MAM,NoSnow,100.0,4.040684700012207,3.1958305835723877,0.021951875492845496,0.02195185422897339,-0.9080120325088501
178,KDI-W-Tslp,merr,JJA,NoSnow,100.0,4.094676971435547,3.53544545173645,0.09053458791380387,0.09053468704223633,-2.784229278564453
179,KDI-W-Tslp,merr,SON,NoSnow,100.0,5.775333881378174,5.031586647033691,-0.9314242240929178,-0.9314242601394653,-5.029938220977783
180,KDI-W-Org2,era5,ALL,Organic,100.0,9.606000900268555,7.551578998565674,-0.36780823566864407,-0.36780846118927,-3.8446013927459717
181,KDI-W-Org2,era5,DJF,Organic,100.0,14.925161361694336,14.126628875732422,-8.792628978210907,-8.79262924194336,-14.126629829406738
182,KDI-W-Org2,era5,MAM,Organic,100.0,5.005462169647217,3.7823407649993896,0.033287917288871705,0.03328794240951538,-1.8294837474822998
183,KDI-W-Org2,era5,JJA,Organic,100.0,6.073976516723633,5.6600165367126465,-4.485641989157179,-4.485641956329346,5.6600189208984375
184,KDI-W-Org2,era5,SON,Organic,100.0,9.591064453125,6.930408954620361,-12.873207541365419,-12.873208045959473,-6.181435585021973
185,KDI-W-Org2,jra5,ALL,Organic,100.0,11.615174293518066,9.234210014343262,-0.9998223239834068,-0.9998224973678589,-4.44438362121582
186,KDI-W-Org2,jra5,DJF,Organic,100.0,18.02869415283203,17.359407424926758,-13.288603786172619,-13.288603782653809,-17.359407424926758
187,KDI-W-Org2,jra5,MAM,Organic,100.0,5.435592174530029,4.5346760749816895,-0.13999383611127736,-0.1399937868118286,-0.58079594373703
188,KDI-W-Org2,jra5,JJA,Organic,100.0,7.179763317108154,6.772736072540283,-6.664813354828472,-6.664812088012695,6.772735595703125
189,KDI-W-Org2,jra5,SON,Organic,100.0,12.03944206237793,8.645599365234375,-20.860295904671936,-20.860294342041016,-7.929968357086182
190,KDI-W-Org2,merr,ALL,Organic,100.0,6.077020168304443,4.475077152252197,0.4525792238806212,0.452579140663147,-3.5062172412872314
191,KDI-W-Org2,merr,DJF,Organic,100.0,9.847818374633789,9.176218032836914,-3.263255503729445,-3.2632551193237305,-9.175446510314941
192,KDI-W-Org2,merr,MAM,Organic,100.0,3.1163501739501953,2.48114013671875,0.62528483725248,0.6252848505973816,-0.4131046235561371
193,KDI-W-Org2,merr,JJA,Organic,100.0,1.5823272466659546,1.2660150527954102,0.6277164341801862,0.627716451883316,0.36719849705696106
194,KDI-W-Org2,merr,SON,Organic,100.0,6.550857067108154,5.3726043701171875,-5.472015875019229,-5.472015857696533,-5.288607120513916
195,KDI-W-Trees,era5,ALL,Snow,100.0,12.142931938171387,9.262033462524414,-2.330161974017446,-2.3301618099212646,-6.520211219787598
196,KDI-W-Trees,era5,DJF,Snow,100.0,19.342321395874023,18.18760871887207,-15.286168401594391,-15.286169052124023,-18.187618255615234
197,KDI-W-Trees,era5,MAM,Snow,100.0,10.842053413391113,8.373550415039062,-11.604637294905997,-11.604637145996094,-7.422260284423828
198,KDI-W-Trees,era5,JJA,Snow,100.0,5.364126205444336,4.587227821350098,-1.1134388495125087,-1.1134390830993652,4.577202796936035
199,KDI-W-Trees,era5,SON,Snow,100.0,9.144062995910645,6.458261489868164,-4.695702891838302,-4.695702075958252,-6.262451648712158
200,KDI-W-Trees,jra5,ALL,Snow,100.0,13.860000610351562,10.77121353149414,-3.3385511631901013,-3.338550567626953,-7.120029449462891
201,KDI-W-Trees,jra5,DJF,Snow,100.0,22.36253547668457,21.418533325195312,-20.769268324618185,-20.769268035888672,-21.418529510498047
202,KDI-W-Trees,jra5,MAM,Snow,100.0,10.589385986328125,8.336947441101074,-11.023995333602096,-11.023994445800781,-6.172456741333008
203,KDI-W-Trees,jra5,JJA,Snow,100.0,6.430085182189941,5.726742744445801,-2.0368624979293948,-2.036862850189209,5.69062614440918
204,KDI-W-Trees,jra5,SON,Snow,100.0,11.557476043701172,8.22989559173584,-8.099025231377611,-8.099023818969727,-8.010172843933105
205,KDI-W-Trees,merr,ALL,Snow,100.0,8.704834938049316,6.702911376953125,-0.7113516340952653,-0.7113516330718994,-6.184420585632324
206,KDI-W-Trees,merr,DJF,Snow,100.0,13.97433853149414,13.240426063537598,-7.500886458283647,-7.500886917114258,-13.240422248840332
207,KDI-W-Trees,merr,MAM,Snow,100.0,8.170555114746094,6.651605129241943,-6.158307795578158,-6.158308029174805,-6.014225006103516
208,KDI-W-Trees,merr,JJA,Snow,100.0,2.5237178802490234,2.0385169982910156,0.5321858971555067,0.5321858525276184,-0.7223084568977356
209,KDI-W-Trees,merr,SON,Snow,100.0,6.544177532196045,5.409670829772949,-1.9172855541295157,-1.917285680770874,-5.3759684562683105
210,KDI-E-Org2,era5,ALL,Organic,100.0,10.164318084716797,7.902632713317871,-0.7091339143168092,-0.7091339826583862,-4.537539482116699
211,KDI-E-Org2,era5,DJF,Organic,100.0,16.110498428344727,15.344853401184082,-13.163051303380765,-13.163049697875977,-15.344849586486816
212,KDI-E-Org2,era5,MAM,Organic,100.0,6.121381759643555,4.575244903564453,-0.9979832867093845,-0.9979830980300903,-2.856487989425659
213,KDI-E-Org2,era5,JJA,Organic,100.0,5.569326877593994,5.135996341705322,-2.750584197394442,-2.7505838871002197,5.135996341705322
214,KDI-E-Org2,era5,SON,Organic,100.0,9.786118507385254,6.979162693023682,-15.019494523048262,-15.019495010375977,-6.335118770599365
215,KDI-E-Org2,jra5,ALL,Organic,100.0,12.151638984680176,9.578346252441406,-1.4428081126749976,-1.4428081512451172,-5.155380725860596
216,KDI-E-Org2,jra5,DJF,Organic,100.0,19.230480194091797,18.5788631439209,-19.17990025648872,-19.179899215698242,-18.578859329223633
217,KDI-E-Org2,jra5,MAM,Organic,100.0,6.40835428237915,5.260238170623779,-1.1897061961984545,-1.1897060871124268,-1.6307835578918457
218,KDI-E-Org2,jra5,JJA,Organic,100.0,6.675665378570557,6.242547988891602,-4.3886832113367715,-4.388682842254639,6.24254846572876
219,KDI-E-Org2,jra5,SON,Organic,100.0,12.263273239135742,8.747429847717285,-24.15594702229605,-24.155948638916016,-8.150230407714844
220,KDI-E-Org2,merr,ALL,Organic,100.0,6.692570686340332,4.960886478424072,0.2590215590934881,0.2590215802192688,-4.297093868255615
221,KDI-E-Org2,merr,DJF,Organic,100.0,11.02794361114502,10.419660568237305,-5.6363294174655465,-5.636328220367432,-10.419662475585938
222,KDI-E-Org2,merr,MAM,Organic,100.0,3.7732856273651123,2.8509345054626465,0.24084186076200376,0.24084192514419556,-1.5222864151000977
223,KDI-E-Org2,merr,JJA,Organic,100.0,1.772089958190918,1.4560208320617676,0.6202786639571647,0.6202786564826965,-0.2663632333278656
224,KDI-E-Org2,merr,SON,Organic,100.0,6.786574363708496,5.599142074584961,-6.704227710183218,-6.704228401184082,-5.537170886993408
225,KDI-W-Ttop,era5,ALL,NoSnow,100.0,10.804574012756348,7.766749382019043,-0.7116311911463273,-0.711631178855896,-6.268903732299805
226,KDI-W-Ttop,era5,DJF,NoSnow,100.0,18.257373809814453,17.430267333984375,-21.050201981187705,-21.050201416015625,-17.430267333984375
227,KDI-W-Ttop,era5,MAM,NoSnow,100.0,6.932807445526123,5.07372522354126,-2.005413944082327,-2.005413770675659,-3.7220044136047363
228,KDI-W-Ttop,era5,JJA,NoSnow,100.0,2.8542237281799316,2.2922728061676025,0.3396050621980645,0.33960503339767456,1.9986319541931152
229,KDI-W-Ttop,era5,SON,NoSnow,100.0,9.507601737976074,6.906360626220703,-5.921439639485271,-5.921440124511719,-6.8368964195251465
230,KDI-W-Ttop,jra5,ALL,NoSnow,100.0,12.686553001403809,9.363795280456543,-1.3598381425608883,-1.3598380088806152,-6.869412422180176
231,KDI-W-Ttop,jra5,DJF,NoSnow,100.0,21.323942184448242,20.658836364746094,-29.0795182711848,-29.079519271850586,-20.658838272094727
232,KDI-W-Ttop,jra5,MAM,NoSnow,100.0,7.052485466003418,5.568703651428223,-2.110071169142464,-2.1100711822509766,-2.471251964569092
233,KDI-W-Ttop,jra5,JJA,NoSnow,100.0,3.814744472503662,3.270935297012329,-0.17966482012993046,-0.1796647310256958,3.1137514114379883
234,KDI-W-Ttop,jra5,SON,NoSnow,100.0,11.937926292419434,8.677355766296387,-9.912199648423488,-9.912199020385742,-8.583212852478027
235,KDI-W-Ttop,merr,ALL,NoSnow,100.0,7.8065314292907715,6.234279632568359,0.10646589392779027,0.10646593570709229,-5.931535243988037
236,KDI-W-Ttop,merr,DJF,NoSnow,100.0,12.925353050231934,12.485485076904297,-10.051488729862054,-10.051487922668457,-12.48548698425293
237,KDI-W-Ttop,merr,MAM,NoSnow,100.0,4.4288458824157715,3.374525308609009,-0.2264986873610586,-0.22649872303009033,-2.32000994682312
238,KDI-W-Ttop,merr,JJA,NoSnow,100.0,3.993828535079956,3.47086763381958,-0.2930238165196817,-0.29302382469177246,-3.3113820552825928
239,KDI-W-Ttop,merr,SON,NoSnow,100.0,6.840505123138428,5.954898357391357,-2.582868288084615,-2.5828680992126465,-5.954898357391357
240,KDI-W-ShrubT,era5,ALL,Snow,100.0,13.540304183959961,9.871660232543945,-3.0263407120784223,-3.0263404846191406,-9.099966049194336
241,KDI-W-ShrubT,era5,DJF,Snow,100.0,22.14615821838379,21.25528907775879,-39.36742566227898,-39.367427825927734,-21.255287170410156
242,KDI-W-ShrubT,era5,MAM,Snow,100.0,13.034110069274902,10.28117847442627,-52.21504298510088,-52.21504592895508,-9.901429176330566
243,KDI-W-ShrubT,era5,JJA,Snow,100.0,2.3101344108581543,1.8493361473083496,0.7258801718669212,0.7258801758289337,0.6292383670806885
244,KDI-W-ShrubT,era5,SON,Snow,100.0,9.405052185058594,7.005613803863525,-5.426243674156173,-5.426243782043457,-6.952734470367432
245,KDI-W-ShrubT,jra5,ALL,Snow,100.0,15.151817321777344,11.110098838806152,-4.041771507673957,-4.041771411895752,-9.700227737426758
246,KDI-W-ShrubT,jra5,DJF,Snow,100.0,25.218040466308594,24.48613929748535,-51.34279722932803,-51.342803955078125,-24.48614501953125
247,KDI-W-ShrubT,jra5,MAM,Snow,100.0,12.65503978729248,9.893204689025879,-49.164751353786606,-49.16474914550781,-8.652050018310547
248,KDI-W-ShrubT,jra5,JJA,Snow,100.0,2.9420526027679443,2.2954113483428955,0.555402631130591,0.5554026365280151,1.7424776554107666
249,KDI-W-ShrubT,jra5,SON,Snow,100.0,11.837382316589355,8.78525447845459,-9.179961748499652,-9.179962158203125,-8.701706886291504
250,KDI-W-ShrubT,merr,ALL,Snow,100.0,10.745917320251465,8.871739387512207,-1.535949999226775,-1.535949945449829,-8.765748977661133
251,KDI-W-ShrubT,merr,DJF,Snow,100.0,16.88170051574707,16.308679580688477,-22.456684206678474,-22.45668601989746,-16.30867576599121
252,KDI-W-ShrubT,merr,MAM,Snow,100.0,10.382885932922363,8.65897274017334,-32.76819272998976,-32.768192291259766,-8.495201110839844
253,KDI-W-ShrubT,merr,JJA,Snow,100.0,5.712994575500488,4.916688919067383,-0.6764614702233638,-0.6764614582061768,-4.672073841094971
254,KDI-W-ShrubT,merr,SON,Snow,100.0,6.80927038192749,6.068273544311523,-2.368495323821011,-2.368495225906372,-6.068270683288574
255,KDI-W-Org1,era5,ALL,Organic,100.0,12.622303009033203,9.380990028381348,-2.581608327545447,-2.581608533859253,-6.57197380065918
256,KDI-W-Org1,era5,DJF,Organic,100.0,21.443567276000977,20.647794723510742,-35.96695430057252,-35.966957092285156,-20.647796630859375
257,KDI-W-Org1,era5,MAM,Organic,100.0,8.116194725036621,6.149731636047363,-7.311092964411303,-7.311093330383301,-3.8933141231536865
258,KDI-W-Org1,era5,JJA,Organic,100.0,4.493936061859131,3.993072271347046,-0.8433778094044972,-0.8433778285980225,3.933441638946533
259,KDI-W-Org1,era5,SON,Organic,100.0,10.405611038208008,7.379800319671631,-20.521863633419695,-20.52186393737793,-6.83580207824707
260,KDI-W-Org1,jra5,ALL,Organic,100.0,14.547884941101074,11.028145790100098,-3.7577389258629967,-3.7577390670776367,-7.174186706542969
261,KDI-W-Org1,jra5,DJF,Organic,100.0,24.55387306213379,23.877212524414062,-47.4684997672395,-47.46849822998047,-23.877220153808594
262,KDI-W-Org1,jra5,MAM,Organic,100.0,8.351670265197754,6.738857269287109,-7.800347718381396,-7.800348281860352,-2.644193649291992
263,KDI-W-Org1,jra5,JJA,Organic,100.0,5.59179162979126,5.092046737670898,-1.854056101032211,-1.8540561199188232,5.048281192779541
264,KDI-W-Org1,jra5,SON,Organic,100.0,12.836671829223633,9.128279685974121,-31.752886168835822,-31.752887725830078,-8.586332321166992
265,KDI-W-Org1,merr,ALL,Organic,100.0,9.246439933776855,6.913012504577637,-0.9219849212903413,-0.9219849109649658,-6.236727237701416
266,KDI-W-Org1,merr,DJF,Organic,100.0,16.12390899658203,15.703561782836914,-19.900675769320596,-19.90067481994629,-15.70356559753418
267,KDI-W-Org1,merr,MAM,Organic,100.0,5.506240367889404,4.273379325866699,-2.825282214602964,-2.825282573699951,-2.493760585784912
268,KDI-W-Org1,merr,JJA,Organic,100.0,2.728714942932129,2.250687837600708,0.32036320527472284,0.32036322355270386,-1.3783570528030396
269,KDI-W-Org1,merr,SON,Organic,100.0,7.334226131439209,5.974175930023193,-9.691861206875398,-9.691861152648926,-5.95752477645874
270,KDI-E-Trees,era5,ALL,NoSnow,100.0,12.447821617126465,9.156376838684082,-1.8849699367162072,-1.884969711303711,-8.404685020446777
271,KDI-E-Trees,era5,DJF,NoSnow,100.0,20.20688819885254,19.447532653808594,-45.448429972290356,-45.44843292236328,-19.44753646850586
272,KDI-E-Trees,era5,MAM,NoSnow,100.0,12.020467758178711,9.597350120544434,-28.523505262591197,-28.52350616455078,-9.318379402160645
273,KDI-E-Trees,era5,JJA,NoSnow,100.0,2.4348714351654053,1.9359300136566162,0.7073234363477521,0.7073234021663666,0.5274749398231506
274,KDI-E-Trees,era5,SON,NoSnow,100.0,8.94666576385498,6.537957191467285,-3.745869762058578,-3.7458696365356445,-6.467349052429199
275,KDI-E-Trees,jra5,ALL,NoSnow,100.0,14.082451820373535,10.376382827758789,-2.6924202892792635,-2.692420244216919,-9.026619911193848
276,KDI-E-Trees,jra5,DJF,NoSnow,100.0,23.304359436035156,22.682979583740234,-60.77981037992672,-60.779808044433594,-22.682973861694336
277,KDI-E-Trees,jra5,MAM,NoSnow,100.0,11.639642715454102,9.129570007324219,-26.682449843470565,-26.682449340820312,-8.093038558959961
278,KDI-E-Trees,jra5,JJA,NoSnow,100.0,3.0057966709136963,2.338068962097168,0.5539792659564579,0.553979218006134,1.629163384437561
279,KDI-E-Trees,jra5,SON,NoSnow,100.0,11.42386245727539,8.375452995300293,-6.737831741188382,-6.737832069396973,-8.282694816589355
280,KDI-E-Trees,merr,ALL,NoSnow,100.0,9.74606704711914,8.250826835632324,-0.7685335496635668,-0.7685335874557495,-8.146340370178223
281,KDI-E-Trees,merr,DJF,NoSnow,100.0,14.860716819763184,14.52064323425293,-24.12185712633596,-24.121854782104492,-14.52064323425293
282,KDI-E-Trees,merr,MAM,NoSnow,100.0,9.530868530273438,8.068203926086426,-17.56052297280439,-17.560523986816406,-7.979731559753418
283,KDI-E-Trees,merr,JJA,NoSnow,100.0,5.863936901092529,5.150933265686035,-0.6975182319496025,-0.6975183486938477,-4.8453688621521
284,KDI-E-Trees,merr,SON,NoSnow,100.0,6.4643473625183105,5.666375637054443,-1.4776656046980947,-1.477665662765503,-5.665796279907227
285,KDI-W-ShrubM2,era5,ALL,Snow,100.0,13.660832405090332,10.041871070861816,-4.434403052290282,-4.4344024658203125,-8.14537239074707
286,KDI-W-ShrubM2,era5,DJF,Snow,100.0,22.865772247314453,22.10051155090332,-124.5026064349817,-124.50259399414062,-22.100521087646484
287,KDI-W-ShrubM2,era5,MAM,Snow,100.0,10.975248336791992,8.384300231933594,-40.68341492930448,-40.68341064453125,-7.422289848327637
288,KDI-W-ShrubM2,era5,JJA,Snow,100.0,4.023051738739014,3.1105504035949707,0.011173960308824893,0.01117396354675293,2.956342935562134
289,KDI-W-ShrubM2,era5,SON,Snow,100.0,10.383214950561523,7.3942790031433105,-12.334369606157773,-12.334368705749512,-7.266478061676025
290,KDI-W-ShrubM2,jra5,ALL,Snow,100.0,15.453473091125488,11.566255569458008,-5.954240578449403,-5.954240322113037,-8.74699878692627
291,KDI-W-ShrubM2,jra5,DJF,Snow,100.0,25.973575592041016,25.332653045654297,-160.93637904155372,-160.93638610839844,-25.332656860351562
292,KDI-W-ShrubM2,jra5,MAM,Snow,100.0,10.851431846618652,8.496825218200684,-39.74821979332753,-39.74821853637695,-6.1729655265808105
293,KDI-W-ShrubM2,jra5,JJA,Snow,100.0,4.991882801055908,4.161826133728027,-0.5224304061144054,-0.5224303007125854,4.063708305358887
294,KDI-W-ShrubM2,jra5,SON,Snow,100.0,12.829812049865723,9.173554420471191,-19.358666191181168,-19.358665466308594,-9.013226509094238
295,KDI-W-ShrubM2,merr,ALL,Snow,100.0,10.368513107299805,8.167891502380371,-2.130620980195911,-2.1306207180023193,-7.803016662597656
296,KDI-W-ShrubM2,merr,DJF,Snow,100.0,17.425701141357422,17.149024963378906,-71.88892286328851,-71.888916015625,-17.149030685424805
297,KDI-W-ShrubM2,merr,MAM,Snow,100.0,8.3534574508667,6.730373859405518,-23.147216612345694,-23.147216796875,-6.005114555358887
298,KDI-W-ShrubM2,merr,JJA,Snow,100.0,3.461815357208252,3.031726121902466,0.26782238695060656,0.2678224444389343,-2.3378946781158447
299,KDI-W-ShrubM2,merr,SON,Snow,100.0,7.506368637084961,6.372339725494385,-5.968969934312589,-5.968969345092773,-6.372341156005859
300,KDI-E-Tslp,era5,ALL,NoSnow,100.0,10.724632263183594,7.675288200378418,-0.7520333500086565,-0.7520334720611572,-6.716216564178467
301,KDI-E-Tslp,era5,DJF,NoSnow,100.0,18.202606201171875,17.518430709838867,-56.25088039607145,-56.25088119506836,-17.518421173095703
302,KDI-E-Tslp,era5,MAM,NoSnow,100.0,7.965682506561279,5.9215192794799805,-3.8542860058359487,-3.854285717010498,-5.357868194580078
303,KDI-E-Tslp,era5,JJA,NoSnow,100.0,2.2975120544433594,1.7590728998184204,0.6071261631814582,0.6071261465549469,1.1428762674331665
304,KDI-E-Tslp,era5,SON,NoSnow,100.0,8.6959810256958,6.317676544189453,-3.714065140503787,-3.7140650749206543,-6.185410022735596
305,KDI-E-Tslp,jra5,ALL,NoSnow,100.0,12.541197776794434,9.144139289855957,-1.3958279743700395,-1.3958277702331543,-7.333491802215576
306,KDI-E-Tslp,jra5,DJF,NoSnow,100.0,21.29807472229004,20.748266220092773,-77.37828879750052,-77.37828826904297,-20.74827003479004
307,KDI-E-Tslp,jra5,MAM,NoSnow,100.0,7.906810283660889,6.101171016693115,-3.7827975898575366,-3.7827978134155273,-4.130725860595703
308,KDI-E-Tslp,jra5,JJA,NoSnow,100.0,3.1034634113311768,2.514151096343994,0.2831459367803164,0.2831459045410156,2.2406716346740723
309,KDI-E-Tslp,jra5,SON,NoSnow,100.0,11.16695499420166,8.143472671508789,-6.773703763332732,-6.773703575134277,-7.998739242553711
310,KDI-E-Tslp,merr,ALL,NoSnow,100.0,7.968739032745361,6.62103796005249,0.03270984795069343,0.03270983695983887,-6.485121726989746
311,KDI-E-Tslp,merr,DJF,NoSnow,100.0,12.914544105529785,12.597736358642578,-27.818622145666122,-27.818622589111328,-12.597739219665527
312,KDI-E-Tslp,merr,MAM,NoSnow,100.0,5.660084247589111,4.481856822967529,-1.4508979182636152,-1.4508979320526123,-4.035212993621826
313,KDI-E-Tslp,merr,JJA,NoSnow,100.0,4.881317138671875,4.35299015045166,-0.7734199894464135,-0.7734200954437256,-4.257718086242676
314,KDI-E-Tslp,merr,SON,NoSnow,100.0,6.111190319061279,5.398494243621826,-1.3281450298005777,-1.3281450271606445,-5.396390438079834
315,KDI-W-Tbot,era5,ALL,Snow,100.0,12.115758895874023,9.069231033325195,-2.5576752288077813,-2.557675361633301,-6.613836765289307
316,KDI-W-Tbot,era5,DJF,Snow,100.0,20.2619571685791,19.58401107788086,-60.33963779691515,-60.339637756347656,-19.584014892578125
317,KDI-W-Tbot,era5,MAM,Snow,100.0,8.816558837890625,6.510281085968018,-8.82063997590501,-8.820638656616211,-5.460842609405518
318,KDI-W-Tbot,era5,JJA,Snow,100.0,4.630242347717285,3.981616973876953,-0.8258368917891459,-0.8258366584777832,3.9765493869781494
319,KDI-W-Tbot,era5,SON,Snow,100.0,9.650039672851562,6.832939624786377,-9.963367178465884,-9.963367462158203,-6.5831122398376465
320,KDI-W-Tbot,jra5,ALL,Snow,100.0,13.979891777038574,10.670907974243164,-3.736665241533281,-3.7366652488708496,-7.213714122772217
321,KDI-W-Tbot,jra5,DJF,Snow,100.0,23.377967834472656,22.814071655273438,-80.65671744575779,-80.6567153930664,-22.814058303833008
322,KDI-W-Tbot,jra5,MAM,Snow,100.0,8.806241035461426,6.8636064529418945,-8.797665254194833,-8.797664642333984,-4.211083889007568
323,KDI-W-Tbot,jra5,JJA,Snow,100.0,5.6962995529174805,5.104345321655273,-1.7633773412708802,-1.7633769512176514,5.089549541473389
324,KDI-W-Tbot,jra5,SON,Snow,100.0,12.082183837890625,8.60936164855957,-16.186074224869092,-16.186073303222656,-8.331449508666992
325,KDI-W-Tbot,merr,ALL,Snow,100.0,8.729021072387695,6.659918308258057,-0.8466989868051562,-0.8466989994049072,-6.281170845031738
326,KDI-W-Tbot,merr,DJF,Snow,100.0,14.955336570739746,14.638147354125977,-32.41725672369964,-32.41725540161133,-14.638154029846191
327,KDI-W-Tbot,merr,MAM,Snow,100.0,6.239463806152344,4.863858222961426,-3.9185381532051764,-3.9185376167297363,-4.056443691253662
328,KDI-W-Tbot,merr,JJA,Snow,100.0,2.4116756916046143,1.9896433353424072,0.5046725894134805,0.5046725869178772,-1.3271039724349976
329,KDI-W-Tbot,merr,SON,Snow,100.0,6.719590663909912,5.708240032196045,-4.3158340592620394,-4.315834045410156,-5.699914932250977
330,KDI-W-ShrubM1,era5,ALL,Snow,100.0,13.46918773651123,9.73488998413086,-3.7364766891514476,-3.736476421356201,-8.547466278076172
331,KDI-W-ShrubM1,era5,DJF,Snow,100.0,22.667036056518555,21.953691482543945,-131.44705689391256,-131.44705200195312,-21.953693389892578
332,KDI-W-ShrubM1,era5,MAM,Snow,100.0,10.482333183288574,8.057877540588379,-19.599087282544318,-19.599084854125977,-7.648600101470947
333,KDI-W-ShrubM1,era5,JJA,Snow,100.0,2.806967258453369,2.153428792953491,0.4448792213445534,0.4448791742324829,1.8702938556671143
334,KDI-W-ShrubM1,era5,SON,Snow,100.0,10.39891242980957,7.35191535949707,-12.69227348224701,-12.692272186279297,-7.207854270935059
335,KDI-W-ShrubM1,jra5,ALL,Snow,100.0,15.248988151550293,11.177574157714844,-5.070921722482925,-5.070921421051025,-9.159977912902832
336,KDI-W-ShrubM1,jra5,DJF,Snow,100.0,25.768945693969727,25.185100555419922,-170.177285360642,-170.1772918701172,-25.185094833374023
337,KDI-W-ShrubM1,jra5,MAM,Snow,100.0,10.282356262207031,7.9086594581604,-18.820626330365265,-18.82062530517578,-6.398663520812988
338,KDI-W-ShrubM1,jra5,JJA,Snow,100.0,3.7457666397094727,3.128251314163208,0.011459852371313861,0.011459827423095703,3.0013339519500732
339,KDI-W-ShrubM1,jra5,SON,Snow,100.0,12.82522201538086,9.126155853271484,-19.827132545138298,-19.827133178710938,-8.95490837097168
340,KDI-W-ShrubM1,merr,ALL,Snow,100.0,10.344101905822754,8.304597854614258,-1.7935612314691993,-1.7935609817504883,-8.167038917541504
341,KDI-W-ShrubM1,merr,DJF,Snow,100.0,17.22789192199707,17.005659103393555,-75.50980691080908,-75.50981140136719,-17.00566291809082
342,KDI-W-ShrubM1,merr,MAM,Snow,100.0,8.05660343170166,6.534173011779785,-11.168468368151014,-11.168468475341797,-6.2381486892700195
343,KDI-W-ShrubM1,merr,JJA,Snow,100.0,4.1972432136535645,3.727139949798584,-0.24119829251686875,-0.24119830131530762,-3.4824604988098145
344,KDI-W-ShrubM1,merr,SON,Snow,100.0,7.490326881408691,6.319247245788574,-6.103972510947528,-6.103971481323242,-6.319095611572266
